{"cameraMode":{"drawMode":0,"name":"Shaded","section":"Shading Mode"},"sceneLighting":true,"audioPlay":false,"sceneViewState":{"showFog":true,"showMaterialUpdate":false,"showSkybox":true,"showFlares":true,"showImageEffects":true,"showParticleSystems":true,"showVisualEffectGraphs":true,"m_FxEnabled":true},"in2DMode":false,"pivot":{"x":-9.824540138244629,"y":9.872143745422364,"z":43.26129913330078},"rotation":{"x":-0.002701126504689455,"y":-0.9970667958259583,"z":0.042210761457681659,"w":-0.06379266083240509},"size":3.1153900623321535,"orthographic":false}